{
  "project_info": {
    "project_number": "821233192323",
    "firebase_url": "https://gitstudent-e578a.firebaseio.com",
    "project_id": "gitstudent-e578a",
    "storage_bucket": "gitstudent-e578a.appspot.com"
  },
  "client": [
    {
      "client_info": {
        "mobilesdk_app_id": "1:821233192323:android:841d853bd822aca9",
        "android_client_info": {
          "package_name": "com.capricious.asrar.gitstudent"
        }
      },
      "oauth_client": [
        {
          "client_id": "821233192323-rru6m6218npj8gem20kh9p29mvmoce8f.apps.googleusercontent.com",
          "client_type": 1,
          "android_info": {
            "package_name": "com.capricious.asrar.gitstudent",
            "certificate_hash": "76476f8cff723e4d7b4c0a0f656cd636cab74d43"
          }
        },
        {
          "client_id": "821233192323-2i68lit08v14j45ivrus12v9616kq55r.apps.googleusercontent.com",
          "client_type": 1,
          "android_info": {
            "package_name": "com.capricious.asrar.gitstudent",
            "certificate_hash": "f96ad39d1b71f3f7e5adac95c41b575a17b2bad0"
          }
        },
        {
          "client_id": "821233192323-54miv5f7ojrg54qna0mb6gatlj0cu35t.apps.googleusercontent.com",
          "client_type": 3
        }
      ],
      "api_key": [
        {
          "current_key": "AIzaSyAHBN4YSrNNRyMZA0V90uNJVd7c-hg4KAo"
        }
      ],
      "services": {
        "analytics_service": {
          "status": 1
        },
        "appinvite_service": {
          "status": 2,
          "other_platform_oauth_client": [
            {
              "client_id": "821233192323-54miv5f7ojrg54qna0mb6gatlj0cu35t.apps.googleusercontent.com",
              "client_type": 3
            }
          ]
        },
        "ads_service": {
          "status": 2
        }
      }
    }
  ],
  "configuration_version": "1"
}